﻿<?xml version="1.0" encoding="utf-8"?><projectmanifest>
  <header>
    <manifestversion>3.3</manifestversion>
    <platformversion>3.3</platformversion>
    <type>Library</type>
    <name>VF.FBOmOp</name>
    <shortname>FBOmOp</shortname>
    <description></description>
    <version>01.00.00</version>
    <companyname>VF</companyname>
    <author>VF</author>
    <hash>cy5N+GvR14EVdYrdwIrfVbMDeuCfIETmqANyGTj67hw=</hash>
    <canbeextended>false</canbeextended>
    <domain>OperationalData</domain>
  </header>
  <reference>
    <functionalblocks>
      <functionalblock>
        <name>VF.FBOmMs</name>
        <version>01.00.00</version>
        <type>Library</type>
      </functionalblock>
    </functionalblocks>
  </reference>
  <artifacts>
    <commands><command>
                        <name>VF.OperationalData.FBOmOp.OPModel.Commands.OrderDefCmd</name>
                        <shortname>OrderDefCmd</shortname>
                        <description></description>
                        <assembly>VF.OperationalData.FBOmOp.OPModel.Commands, Version=1.0.0.0, Culture=neutral, PublicKeyToken=null</assembly>
                        <dotnetcommandtype></dotnetcommandtype>
                        <commandtype>Undefined</commandtype>
                        <domain>OperationalData</domain>
                        <visibility>Protected</visibility>
                        <composite>false</composite>
                        <taglist>
                        </taglist>
                        <securable>true</securable>
                        <handlers>
                                <handler>
                                        <name>VF.OperationalData.FBOmOp.OPModel.Commands.OrderDefCmdHandlerShell</name>
                                        <assembly>VF.FBOmOp.CommandHandler, Version=1.0.0.0, Culture=neutral, PublicKeyToken=null</assembly>
                                        <target_cpu>AnyCPU</target_cpu>
                                        <dependencies></dependencies>
                                </handler>
                        </handlers>
                </command><command>
                        <name>VF.OperationalData.FBOmOp.OPModel.Commands.SplitCmd</name>
                        <shortname>SplitCmd</shortname>
                        <description></description>
                        <assembly>VF.OperationalData.FBOmOp.OPModel.Commands, Version=1.0.0.0, Culture=neutral, PublicKeyToken=null</assembly>
                        <dotnetcommandtype></dotnetcommandtype>
                        <commandtype>Undefined</commandtype>
                        <domain>OperationalData</domain>
                        <visibility>Protected</visibility>
                        <composite>false</composite>
                        <taglist>
                        </taglist>
                        <securable>true</securable>
                        <handlers>
                                <handler>
                                        <name>VF.OperationalData.FBOmOp.OPModel.Commands.SplitCmdHandlerShell</name>
                                        <assembly>VF.FBOmOp.CommandHandler, Version=1.0.0.0, Culture=neutral, PublicKeyToken=null</assembly>
                                        <target_cpu>AnyCPU</target_cpu>
                                        <dependencies></dependencies>
                                </handler>
                        </handlers>
                </command><command>
                        <name>VF.OperationalData.FBOmOp.OPModel.Commands.ChangeStatusCmd</name>
                        <shortname>ChangeStatusCmd</shortname>
                        <description></description>
                        <assembly>VF.OperationalData.FBOmOp.OPModel.Commands, Version=1.0.0.0, Culture=neutral, PublicKeyToken=null</assembly>
                        <dotnetcommandtype></dotnetcommandtype>
                        <commandtype>Undefined</commandtype>
                        <domain>OperationalData</domain>
                        <visibility>Protected</visibility>
                        <composite>false</composite>
                        <taglist>
                        </taglist>
                        <securable>true</securable>
                        <handlers>
                                <handler>
                                        <name>VF.OperationalData.FBOmOp.OPModel.Commands.ChangeStatusCmdHandlerShell</name>
                                        <assembly>VF.FBOmOp.CommandHandler, Version=1.0.0.0, Culture=neutral, PublicKeyToken=null</assembly>
                                        <target_cpu>AnyCPU</target_cpu>
                                        <dependencies></dependencies>
                                </handler>
                        </handlers>
                </command><command>
                        <name>VF.OperationalData.FBOmOp.OPModel.Commands.UploadCmd</name>
                        <shortname>UploadCmd</shortname>
                        <description></description>
                        <assembly>VF.OperationalData.FBOmOp.OPModel.Commands, Version=1.0.0.0, Culture=neutral, PublicKeyToken=null</assembly>
                        <dotnetcommandtype></dotnetcommandtype>
                        <commandtype>Undefined</commandtype>
                        <domain>OperationalData</domain>
                        <visibility>Protected</visibility>
                        <composite>false</composite>
                        <taglist>
                        </taglist>
                        <securable>true</securable>
                        <handlers>
                                <handler>
                                        <name>VF.OperationalData.FBOmOp.OPModel.Commands.UploadCmdHandlerShell</name>
                                        <assembly>VF.FBOmOp.CommandHandler, Version=1.0.0.0, Culture=neutral, PublicKeyToken=null</assembly>
                                        <target_cpu>AnyCPU</target_cpu>
                                        <dependencies></dependencies>
                                </handler>
                        </handlers>
                </command><command>
                        <name>VF.OperationalData.FBOmOp.OPModel.Commands.ListDataCmd</name>
                        <shortname>ListDataCmd</shortname>
                        <description></description>
                        <assembly>VF.OperationalData.FBOmOp.OPModel.Commands, Version=1.0.0.0, Culture=neutral, PublicKeyToken=null</assembly>
                        <dotnetcommandtype></dotnetcommandtype>
                        <commandtype>Undefined</commandtype>
                        <domain>OperationalData</domain>
                        <visibility>Protected</visibility>
                        <composite>false</composite>
                        <taglist>
                        </taglist>
                        <securable>true</securable>
                        <handlers>
                                <handler>
                                        <name>VF.OperationalData.FBOmOp.OPModel.Commands.ListDataCmdHandlerShell</name>
                                        <assembly>VF.FBOmOp.CommandHandler, Version=1.0.0.0, Culture=neutral, PublicKeyToken=null</assembly>
                                        <target_cpu>AnyCPU</target_cpu>
                                        <dependencies></dependencies>
                                </handler>
                        </handlers>
                </command></commands>
    <commandActions></commandActions>
    <events></events>
    <event_handlers></event_handlers>
    <signals></signals>
    <readingFunctions></readingFunctions>
    <entities><entity>
      <name>VF.OperationalData.FBOmOp.OPModel.DataModel.ReadingModel.OrderDef</name>
      <securable>true</securable>
    </entity><entity>
      <name>VF.OperationalData.FBOmOp.OPModel.DataModel.ReadingModel.WhiteListSerialNumber</name>
      <securable>true</securable>
    </entity><entity>
      <name>VF.OperationalData.FBOmOp.OPModel.DataModel.ReadingModel.ChangeStatus</name>
      <securable>true</securable>
    </entity></entities>
    <datamodels><datamodel>
      <assembly>VF.OperationalData.FBOmOp.OPModel, Version=1.0.0.0, Culture=neutral, PublicKeyToken=null</assembly>
      <mode>WR</mode>
      <domain>OperationalData</domain>
    </datamodel><datamodel>
      <assembly>VF.OperationalData.FBOmOp.OPModel.ReadingModel, Version=1.0.0.0, Culture=neutral, PublicKeyToken=null</assembly>
      <mode>RD</mode>
      <domain>OperationalData</domain>
    </datamodel><datamodel>
      <assembly>VF.OperationalData.FBOmOp.OPModel.Types, Version=1.0.0.0, Culture=neutral, PublicKeyToken=null</assembly>
      <mode>WR</mode>
      <domain>OperationalData</domain>
    </datamodel><datamodel>
      <assembly>VF.OperationalData.FBOmOp.OPModel.Types.ReadingModel, Version=1.0.0.0, Culture=neutral, PublicKeyToken=null</assembly>
      <mode>RD</mode>
      <domain>OperationalData</domain>
    </datamodel></datamodels>
    <externaldatamodels></externaldatamodels>
    <appdatamodels></appdatamodels>
    <uimodules></uimodules>
    <uicomponents></uicomponents>
    <wr_entities><wr_entity>
      <name>VF.OperationalData.FBOmOp.OPModel.DataModel.OrderDef</name>
      <shortname>OrderDef</shortname>
      <haslogicalkey>false</haslogicalkey>
      <autoreference>false</autoreference>
      <parententity></parententity>
      <derivefromentity></derivefromentity>
      <root_entity></root_entity>
      <base_entity></base_entity>
    </wr_entity><wr_entity>
      <name>VF.OperationalData.FBOmOp.OPModel.DataModel.WhiteListSerialNumber</name>
      <shortname>WhiteListSerialNumber</shortname>
      <haslogicalkey>true</haslogicalkey>
      <autoreference>false</autoreference>
      <parententity></parententity>
      <derivefromentity></derivefromentity>
      <root_entity></root_entity>
      <base_entity></base_entity>
    </wr_entity><wr_entity>
      <name>VF.OperationalData.FBOmOp.OPModel.DataModel.ProductionOrder</name>
      <shortname>ProductionOrder</shortname>
      <haslogicalkey>false</haslogicalkey>
      <autoreference>false</autoreference>
      <parententity></parententity>
      <derivefromentity>VF.OperationalData.FBOmOp.OPModel.DataModel.OrderDef</derivefromentity>
      <root_entity></root_entity>
      <base_entity>VF.OperationalData.FBOmOp.OPModel.DataModel.OrderDef</base_entity>
    </wr_entity><wr_entity>
      <name>VF.OperationalData.FBOmOp.OPModel.DataModel.ChangeStatus</name>
      <shortname>ChangeStatus</shortname>
      <haslogicalkey>true</haslogicalkey>
      <autoreference>false</autoreference>
      <parententity></parententity>
      <derivefromentity></derivefromentity>
      <root_entity></root_entity>
      <base_entity></base_entity>
    </wr_entity><wr_entity>
      <name>VF.OperationalData.FBOmOp.OPModel.DataModel.BatchOrder</name>
      <shortname>BatchOrder</shortname>
      <haslogicalkey>false</haslogicalkey>
      <autoreference>false</autoreference>
      <parententity></parententity>
      <derivefromentity>VF.OperationalData.FBOmOp.OPModel.DataModel.OrderDef</derivefromentity>
      <root_entity></root_entity>
      <base_entity>VF.OperationalData.FBOmOp.OPModel.DataModel.OrderDef</base_entity>
    </wr_entity></wr_entities>
    <wr_facets><wr_facet>
      <name>VF.OperationalData.FBOmOp.OPModel.DataModel.BatchManagement</name>
      <shortname>BatchManagement</shortname>
      <parententity>VF.OperationalData.FBOmOp.OPModel.DataModel.OrderDef</parententity>
      <root_entity>VF.OperationalData.FBOmOp.OPModel.DataModel.OrderDef</root_entity>
    </wr_facet></wr_facets>
  </artifacts>
  <security>
    <roles></roles>
  </security>
  <runtime>
    <event_subscriptions></event_subscriptions>
    <handlergroups></handlergroups>
  </runtime>
</projectmanifest>