﻿<?xml version="1.0" encoding="utf-8"?><projectmanifest>
  <header>
    <manifestversion>3.3</manifestversion>
    <platformversion>3.3</platformversion>
    <type>Library</type>
    <name>VF.FBOmMs</name>
    <shortname>FBOmMs</shortname>
    <description></description>
    <version>01.00.00</version>
    <companyname>VF</companyname>
    <author>VF</author>
    <hash>QBCmW9sKO/Dqae7wWixH7iZxd0hNCaVQJm6imnZJDyE=</hash>
    <canbeextended>false</canbeextended>
    <domain>MasterData</domain>
  </header>
  <reference>
    <functionalblocks></functionalblocks>
  </reference>
  <artifacts>
    <commands><command>
                        <name>VF.MasterData.FBOmMs.MSModel.Commands.TypeDefCmd</name>
                        <shortname>TypeDefCmd</shortname>
                        <description></description>
                        <assembly>VF.MasterData.FBOmMs.MSModel.Commands, Version=1.0.0.0, Culture=neutral, PublicKeyToken=null</assembly>
                        <dotnetcommandtype></dotnetcommandtype>
                        <commandtype>Undefined</commandtype>
                        <domain>MasterData</domain>
                        <visibility>Protected</visibility>
                        <composite>false</composite>
                        <taglist>
                        </taglist>
                        <securable>true</securable>
                        <handlers>
                                <handler>
                                        <name>VF.MasterData.FBOmMs.MSModel.Commands.TypeDefCmdHandlerShell</name>
                                        <assembly>VF.FBOmMs.CommandHandler, Version=1.0.0.0, Culture=neutral, PublicKeyToken=null</assembly>
                                        <target_cpu>AnyCPU</target_cpu>
                                        <dependencies></dependencies>
                                </handler>
                        </handlers>
                </command><command>
                        <name>VF.MasterData.FBOmMs.MSModel.Commands.StatusDefCmd</name>
                        <shortname>StatusDefCmd</shortname>
                        <description></description>
                        <assembly>VF.MasterData.FBOmMs.MSModel.Commands, Version=1.0.0.0, Culture=neutral, PublicKeyToken=null</assembly>
                        <dotnetcommandtype></dotnetcommandtype>
                        <commandtype>Undefined</commandtype>
                        <domain>MasterData</domain>
                        <visibility>Protected</visibility>
                        <composite>false</composite>
                        <taglist>
                        </taglist>
                        <securable>true</securable>
                        <handlers>
                                <handler>
                                        <name>VF.MasterData.FBOmMs.MSModel.Commands.StatusDefCmdHandlerShell</name>
                                        <assembly>VF.FBOmMs.CommandHandler, Version=1.0.0.0, Culture=neutral, PublicKeyToken=null</assembly>
                                        <target_cpu>AnyCPU</target_cpu>
                                        <dependencies></dependencies>
                                </handler>
                        </handlers>
                </command><command>
                        <name>VF.MasterData.FBOmMs.MSModel.Commands.MaterialDefCmd</name>
                        <shortname>MaterialDefCmd</shortname>
                        <description></description>
                        <assembly>VF.MasterData.FBOmMs.MSModel.Commands, Version=1.0.0.0, Culture=neutral, PublicKeyToken=null</assembly>
                        <dotnetcommandtype></dotnetcommandtype>
                        <commandtype>Undefined</commandtype>
                        <domain>MasterData</domain>
                        <visibility>Protected</visibility>
                        <composite>false</composite>
                        <taglist>
                        </taglist>
                        <securable>true</securable>
                        <handlers>
                                <handler>
                                        <name>VF.MasterData.FBOmMs.MSModel.Commands.MaterialDefCmdHandlerShell</name>
                                        <assembly>VF.FBOmMs.CommandHandler, Version=1.0.0.0, Culture=neutral, PublicKeyToken=null</assembly>
                                        <target_cpu>AnyCPU</target_cpu>
                                        <dependencies></dependencies>
                                </handler>
                        </handlers>
                </command></commands>
    <commandActions></commandActions>
    <events></events>
    <event_handlers></event_handlers>
    <signals></signals>
    <readingFunctions></readingFunctions>
    <entities><entity>
      <name>VF.MasterData.FBOmMs.MSModel.DataModel.ReadingModel.TypeDef</name>
      <securable>true</securable>
    </entity><entity>
      <name>VF.MasterData.FBOmMs.MSModel.DataModel.ReadingModel.StatusDef</name>
      <securable>true</securable>
    </entity><entity>
      <name>VF.MasterData.FBOmMs.MSModel.DataModel.ReadingModel.MaterialDef</name>
      <securable>true</securable>
    </entity></entities>
    <datamodels><datamodel>
      <assembly>VF.MasterData.FBOmMs.MSModel, Version=1.0.0.0, Culture=neutral, PublicKeyToken=null</assembly>
      <mode>WR</mode>
      <domain>MasterData</domain>
    </datamodel><datamodel>
      <assembly>VF.MasterData.FBOmMs.MSModel.ReadingModel, Version=1.0.0.0, Culture=neutral, PublicKeyToken=null</assembly>
      <mode>RD</mode>
      <domain>MasterData</domain>
    </datamodel><datamodel>
      <assembly>VF.MasterData.FBOmMs.MSModel.Types, Version=1.0.0.0, Culture=neutral, PublicKeyToken=null</assembly>
      <mode>WR</mode>
      <domain>MasterData</domain>
    </datamodel><datamodel>
      <assembly>VF.MasterData.FBOmMs.MSModel.Types.ReadingModel, Version=1.0.0.0, Culture=neutral, PublicKeyToken=null</assembly>
      <mode>RD</mode>
      <domain>MasterData</domain>
    </datamodel></datamodels>
    <externaldatamodels></externaldatamodels>
    <appdatamodels></appdatamodels>
    <uimodules></uimodules>
    <uicomponents></uicomponents>
    <wr_entities><wr_entity>
      <name>VF.MasterData.FBOmMs.MSModel.DataModel.TypeDef</name>
      <shortname>TypeDef</shortname>
      <haslogicalkey>true</haslogicalkey>
      <autoreference>false</autoreference>
      <parententity></parententity>
      <derivefromentity></derivefromentity>
      <root_entity></root_entity>
      <base_entity></base_entity>
    </wr_entity><wr_entity>
      <name>VF.MasterData.FBOmMs.MSModel.DataModel.StatusDef</name>
      <shortname>StatusDef</shortname>
      <haslogicalkey>true</haslogicalkey>
      <autoreference>false</autoreference>
      <parententity></parententity>
      <derivefromentity></derivefromentity>
      <root_entity></root_entity>
      <base_entity></base_entity>
    </wr_entity><wr_entity>
      <name>VF.MasterData.FBOmMs.MSModel.DataModel.MaterialDef</name>
      <shortname>MaterialDef</shortname>
      <haslogicalkey>true</haslogicalkey>
      <autoreference>false</autoreference>
      <parententity></parententity>
      <derivefromentity></derivefromentity>
      <root_entity></root_entity>
      <base_entity></base_entity>
    </wr_entity></wr_entities>
    <wr_facets></wr_facets>
  </artifacts>
  <security>
    <roles></roles>
  </security>
  <runtime>
    <event_subscriptions></event_subscriptions>
    <handlergroups></handlergroups>
  </runtime>
</projectmanifest>