﻿<?xml version="1.0" encoding="utf-8"?><projectmanifest>
  <header>
    <manifestversion>3.3</manifestversion>
    <platformversion>3.3</platformversion>
    <type>Project</type>
    <name>VF.FBOmApp</name>
    <shortname>FBOmApp</shortname>
    <description></description>
    <version>01.00.00</version>
    <companyname>VF</companyname>
    <author>VF</author>
    <hash>peYAWjvijL/yC3ABdgTPeYGKklKCeLYlDyqnhcF0XBA=</hash>
    <canbeextended>false</canbeextended>
    <domain>FBOmApp</domain>
  </header>
  <reference>
    <functionalblocks>
      <functionalblock>
        <name>VF.FBOmOp</name>
        <version>01.00.00</version>
        <type>Library</type>
      </functionalblock>
      <functionalblock>
        <name>VF.FBOmMs</name>
        <version>01.00.00</version>
        <type>Library</type>
      </functionalblock>
    </functionalblocks>
  </reference>
  <artifacts>
    <commands></commands>
    <commandActions></commandActions>
    <events></events>
    <event_handlers></event_handlers>
    <signals></signals>
    <readingFunctions><readingFunction>
                        <name>VF.FBOmApp.FBOmApp.VFPOMModel.ReadingFunctions.RFOrderDef</name>
                        <shortname>RFOrderDef</shortname>
                        <description></description>
                        <assembly>VF.FBOmApp.FBOmApp.VFPOMModel.ReadingFunctions, Version=1.0.0.0, Culture=neutral, PublicKeyToken=null</assembly>
                        <taglist>
                        </taglist>
                        <securable>true</securable>
                        <handlers>
                                <handler>
                                        <name>VF.FBOmApp.FBOmApp.VFPOMModel.ReadingFunctions.RFOrderDefHandlerShell</name>
                                        <assembly>VF.FBOmApp.ReadingFunctionHandler, Version=1.0.0.0, Culture=neutral, PublicKeyToken=null</assembly>
                                        <target_cpu>AnyCPU</target_cpu>
                                </handler>
                        </handlers>
                </readingFunction></readingFunctions>
    <entities><entity>
      <name>VF.FBOmApp.FBOmApp.VFPOMModel.DataModel.ReadingModel.WhiteListSerialNumber</name>
      <securable>true</securable>
    </entity><entity>
      <name>VF.FBOmApp.FBOmApp.VFPOMModel.DataModel.ReadingModel.ChangeStatus</name>
      <securable>true</securable>
    </entity><entity>
      <name>VF.FBOmApp.FBOmApp.VFPOMModel.DataModel.ReadingModel.OrderDef</name>
      <securable>true</securable>
    </entity><entity>
      <name>VF.FBOmApp.FBOmApp.VFPOMModel.DataModel.ReadingModel.TypeDef</name>
      <securable>true</securable>
    </entity><entity>
      <name>VF.FBOmApp.FBOmApp.VFPOMModel.DataModel.ReadingModel.StatusDef</name>
      <securable>true</securable>
    </entity><entity>
      <name>VF.FBOmApp.FBOmApp.VFPOMModel.DataModel.ReadingModel.MaterialDef</name>
      <securable>true</securable>
    </entity></entities>
    <datamodels></datamodels>
    <externaldatamodels></externaldatamodels>
    <appdatamodels><appdatamodel>
              <assembly>VF.FBOmApp.FBOmApp.VFPOMModel.PublicModel, Version=1.0.0.0, Culture=neutral, PublicKeyToken=null</assembly>
              <domain>FBOmApp</domain>
           </appdatamodel></appdatamodels>
    <uimodules>
      <uimodule>
        <name>VF.FBOmApp.UIMaterial</name>
        <title>UIMaterial</title>
        <type>standard</type>
        <uiscreens>
          <uiscreen>
            <name>home.VF_FBOmApp_UIMaterial_UIMaterialScreen</name>
            <title>UIMaterialScreen</title>
            <securable>true</securable>
          </uiscreen>
          <uiscreen>
            <name>home.VF_FBOmApp_UIMaterial_UIModuleScreen1</name>
            <title>UIModuleScreen1</title>
            <securable>true</securable>
          </uiscreen>
        </uiscreens>
        <uicomponents />
      </uimodule>
      <uimodule>
        <name>VF.FBOmApp.UIOrder</name>
        <title>UIOrder</title>
        <type>standard</type>
        <uiscreens>
          <uiscreen>
            <name>home.VF_FBOmApp_UIOrder_UIOrderScreen</name>
            <title>UIOrderScreen</title>
            <securable>true</securable>
          </uiscreen>
        </uiscreens>
        <uicomponents />
      </uimodule>
      <uimodule>
        <name>VF.FBOmApp.UIProcessStatus</name>
        <title>UIProcessStatus</title>
        <type>standard</type>
        <uiscreens>
          <uiscreen>
            <name>home.VF_FBOmApp_UIProcessStatus_UIProcessStatusScreen</name>
            <title>UIProcessStatusScreen</title>
            <securable>true</securable>
          </uiscreen>
        </uiscreens>
        <uicomponents />
      </uimodule>
      <uimodule>
        <name>VF.FBOmApp.UIStatus</name>
        <title>UIStatus</title>
        <type>standard</type>
        <uiscreens>
          <uiscreen>
            <name>home.VF_FBOmApp_UIStatus_UIStatusScreen</name>
            <title>UIStatusScreen</title>
            <securable>true</securable>
          </uiscreen>
          <uiscreen>
            <name>home.VF_FBOmApp_UIStatus_UIProcessStatusScreen</name>
            <title>UIProcessStatusScreen</title>
            <securable>true</securable>
          </uiscreen>
        </uiscreens>
        <uicomponents />
      </uimodule>
      <uimodule>
        <name>VF.FBOmApp.UIType</name>
        <title>UIType</title>
        <type>standard</type>
        <uiscreens>
          <uiscreen>
            <name>home.VF_FBOmApp_UIType_UITypeScreen</name>
            <title>UITypeScreen</title>
            <securable>true</securable>
          </uiscreen>
        </uiscreens>
        <uicomponents />
      </uimodule>
    </uimodules>
    <uicomponents></uicomponents>
    <wr_entities></wr_entities>
    <wr_facets></wr_facets>
  </artifacts>
  <security>
    <roles></roles>
  </security>
  <runtime>
    <event_subscriptions></event_subscriptions>
    <handlergroups></handlergroups>
  </runtime>
<pom><commands>
                        <command>
                                <name>VF.OperationalData.FBOmOp.OPModel.Commands.OrderDefCmd</name>
                                <alias>OrderDefCmd</alias>
                                <composite>false</composite>
                                <aliasfullname>VF.FBOmApp.FBOmApp.VFPOMModel.Commands.Published.OrderDefCmd</aliasfullname>
                                <assembly>VF.FBOmApp.FBOmApp.VFPOMModel.Commands, Version=1.0.0.0, Culture=neutral, PublicKeyToken=null</assembly>
                                <dotnetcommandtype>VF.FBOmApp.FBOmApp.VFPOMModel.Commands.Published.OrderDefCmd</dotnetcommandtype>
                                <precheck_executionmode>StopAtFirstFail</precheck_executionmode>
                        </command>
                        <command>
                                <name>VF.MasterData.FBOmMs.MSModel.Commands.TypeDefCmd</name>
                                <alias>TypeDefCmd</alias>
                                <composite>false</composite>
                                <aliasfullname>VF.FBOmApp.FBOmApp.VFPOMModel.Commands.Published.TypeDefCmd</aliasfullname>
                                <assembly>VF.FBOmApp.FBOmApp.VFPOMModel.Commands, Version=1.0.0.0, Culture=neutral, PublicKeyToken=null</assembly>
                                <dotnetcommandtype>VF.FBOmApp.FBOmApp.VFPOMModel.Commands.Published.TypeDefCmd</dotnetcommandtype>
                                <precheck_executionmode>StopAtFirstFail</precheck_executionmode>
                        </command>
                        <command>
                                <name>VF.OperationalData.FBOmOp.OPModel.Commands.ChangeStatusCmd</name>
                                <alias>ChangeStatusCmd</alias>
                                <composite>false</composite>
                                <aliasfullname>VF.FBOmApp.FBOmApp.VFPOMModel.Commands.Published.ChangeStatusCmd</aliasfullname>
                                <assembly>VF.FBOmApp.FBOmApp.VFPOMModel.Commands, Version=1.0.0.0, Culture=neutral, PublicKeyToken=null</assembly>
                                <dotnetcommandtype>VF.FBOmApp.FBOmApp.VFPOMModel.Commands.Published.ChangeStatusCmd</dotnetcommandtype>
                                <precheck_executionmode>StopAtFirstFail</precheck_executionmode>
                        </command>
                        <command>
                                <name>VF.OperationalData.FBOmOp.OPModel.Commands.SplitCmd</name>
                                <alias>SplitCmd</alias>
                                <composite>false</composite>
                                <aliasfullname>VF.FBOmApp.FBOmApp.VFPOMModel.Commands.Published.SplitCmd</aliasfullname>
                                <assembly>VF.FBOmApp.FBOmApp.VFPOMModel.Commands, Version=1.0.0.0, Culture=neutral, PublicKeyToken=null</assembly>
                                <dotnetcommandtype>VF.FBOmApp.FBOmApp.VFPOMModel.Commands.Published.SplitCmd</dotnetcommandtype>
                                <precheck_executionmode>StopAtFirstFail</precheck_executionmode>
                        </command>
                        <command>
                                <name>VF.MasterData.FBOmMs.MSModel.Commands.MaterialDefCmd</name>
                                <alias>MaterialDefCmd</alias>
                                <composite>false</composite>
                                <aliasfullname>VF.FBOmApp.FBOmApp.VFPOMModel.Commands.Published.MaterialDefCmd</aliasfullname>
                                <assembly>VF.FBOmApp.FBOmApp.VFPOMModel.Commands, Version=1.0.0.0, Culture=neutral, PublicKeyToken=null</assembly>
                                <dotnetcommandtype>VF.FBOmApp.FBOmApp.VFPOMModel.Commands.Published.MaterialDefCmd</dotnetcommandtype>
                                <precheck_executionmode>StopAtFirstFail</precheck_executionmode>
                        </command>
                        <command>
                                <name>VF.OperationalData.FBOmOp.OPModel.Commands.ListDataCmd</name>
                                <alias>ListDataCmd</alias>
                                <composite>false</composite>
                                <aliasfullname>VF.FBOmApp.FBOmApp.VFPOMModel.Commands.Published.ListDataCmd</aliasfullname>
                                <assembly>VF.FBOmApp.FBOmApp.VFPOMModel.Commands, Version=1.0.0.0, Culture=neutral, PublicKeyToken=null</assembly>
                                <dotnetcommandtype>VF.FBOmApp.FBOmApp.VFPOMModel.Commands.Published.ListDataCmd</dotnetcommandtype>
                                <precheck_executionmode>StopAtFirstFail</precheck_executionmode>
                        </command>
                        <command>
                                <name>VF.MasterData.FBOmMs.MSModel.Commands.StatusDefCmd</name>
                                <alias>StatusDefCmd</alias>
                                <composite>false</composite>
                                <aliasfullname>VF.FBOmApp.FBOmApp.VFPOMModel.Commands.Published.StatusDefCmd</aliasfullname>
                                <assembly>VF.FBOmApp.FBOmApp.VFPOMModel.Commands, Version=1.0.0.0, Culture=neutral, PublicKeyToken=null</assembly>
                                <dotnetcommandtype>VF.FBOmApp.FBOmApp.VFPOMModel.Commands.Published.StatusDefCmd</dotnetcommandtype>
                                <precheck_executionmode>StopAtFirstFail</precheck_executionmode>
                        </command>
                        <command>
                                <name>VF.OperationalData.FBOmOp.OPModel.Commands.UploadCmd</name>
                                <alias>UploadCmd</alias>
                                <composite>false</composite>
                                <aliasfullname>VF.FBOmApp.FBOmApp.VFPOMModel.Commands.Published.UploadCmd</aliasfullname>
                                <assembly>VF.FBOmApp.FBOmApp.VFPOMModel.Commands, Version=1.0.0.0, Culture=neutral, PublicKeyToken=null</assembly>
                                <dotnetcommandtype>VF.FBOmApp.FBOmApp.VFPOMModel.Commands.Published.UploadCmd</dotnetcommandtype>
                                <precheck_executionmode>StopAtFirstFail</precheck_executionmode>
                        </command>
                </commands></pom></projectmanifest>